outcome,y_col,naive_diff,ipw_ate,n_nonmissing
hospital_any,hosp,0.5786363192341506,0.7016562963735287,29042
ed_any,gender,0.02352729308742818,0.021618633880499782,29371
