q_threshold,risk_thr,n_total,n_treated,n_control,treated_rate,outcome_mean_treated,outcome_mean_control,risk_mean_treated,risk_mean_control
0.6,0.5,18481,11011,7470,0.5958010930144473,0.6468077377168286,0.07737617135207496,0.6091484273302455,0.30631414547077196
0.7,0.5,18481,11011,7470,0.5958010930144473,0.6468077377168286,0.07737617135207496,0.6091484273302455,0.30631414547077196
0.8,0.6666666666666666,18481,5239,13242,0.28348033115091176,0.7925176560412293,0.26793535719679806,0.7294012852325508,0.3907390625786638
