group,group_value,n,any_coverage,specific_coverage
ALL,ALL,11412,1.0,0.4108832807570978
sex,1.male,2786,1.0,0.35857860732232594
sex,2.female,1768,1.0,0.3416289592760181
sex,,6858,1.0,0.44998541848935547
age_band,65-74,2775,1.0,0.4486486486486487
age_band,75-84,4513,1.0,0.39995568358076666
age_band,85+,4124,1.0,0.3974296799224054
