group,group_value,n,any_coverage,specific_coverage
ALL,ALL,29371,1.0,0.7036873106125089
sex,1,12851,1.0,0.692475293751459
sex,2,16520,1.0,0.712409200968523
age_band,65-74,10994,1.0,0.6195197380389303
age_band,75-84,10698,1.0,0.7231258179098897
age_band,85+,7679,1.0,0.7971089985675218
